
INSERT INTO Users
  (name, password, coach, team)
VALUES("Heather@gmail.com", "23bbb23bbb", 0, "Jaguars");

INSERT INTO Users
  (name, password, coach, team)
VALUES("Matt@gmail.com", "23ccc23ccc", 0, "Jaguars");

INSERT INTO Users
  (name, password, coach, team)
VALUES("Bill@gmail.com", "23aaa23aaa", 1, "Jaguars");

INSERT INTO Users
  (name, password, coach, team)
VALUES("Aja@gmail.com", "23ddd23ddd", 0, "Jaguars");

INSERT INTO Users
  (name, password, coach, team)
VALUES("Guillermo@gmail.com", "aaa23aaa23", 0, "Jaguars");

INSERT INTO Users
  (name, password, coach, team)
VALUES("Andy@gmail.com", "bbb23bbb23", 0, "Jaguars");

INSERT INTO Users
  (name, password, coach, team)
VALUES("Ross@gmail.com", "ccc23ccc23", 0, "Jaguars");

INSERT INTO Games
  (completed, in_progress, location, date, home_team, away_team)
VALUES(1, 0, "King of Prussia", "2020-04-03", "Crocs", "Jaguars");

INSERT INTO Scores
  (date, h1_score, v1_score, h2_score, v2_score, h3_score, v3_score, h4_score, v4_score, h5_score, v5_score, h6_score, v6_score)
VALUES("2020-04-03", 1, 2, 2, 1, 1, 1, 0, 0, 2, 2, 1, 1);



INSERT INTO Games
  (completed, in_progress, location, date, home_team, away_team)
VALUES(1, 0, "Philadelphia", "2020-04-07", "Knights", "Jaguars");

INSERT INTO Scores
  (date, h1_score, v1_score, h2_score, v2_score, h3_score, v3_score, h4_score, v4_score, h5_score, v5_score, h6_score, v6_score)
VALUES
  ("2020-04-07", 0, 2, 2, 0, 0, 1, 0, 0, 2, 2, 1, 1);



INSERT INTO Games
  (completed, in_progress, location, date, home_team, away_team)
VALUES(1, 0, "Exton", "2020-04-09", "Jaguars", "Falcons");

INSERT INTO Scores
  (date, h1_score, v1_score, h2_score, v2_score, h3_score, v3_score, h4_score, v4_score, h5_score, v5_score, h6_score, v6_score, h_overtime, v_overtime)
VALUES("2020-04-09", 3, 3, 2, 0, 0, 3, 2, 0, 0, 0, 1, 1, 1, 0);



INSERT INTO Games
  (completed, in_progress, location, date, home_team, away_team)
VALUES(1, 0, "Exton", "2020-04-13", "Jaguars", "Knights");

INSERT INTO Scores
  (date, h1_score, v1_score, h2_score, v2_score, h3_score, v3_score, h4_score, v4_score, h5_score, v5_score, h6_score, v6_score, h_overtime, v_overtime)
VALUES("2020-04-13", 2, 0, 0, 2, 1, 1, 0, 0, 0, 0, 1, 1, 0, 1);



INSERT INTO Games
  (completed, in_progress, location, date, home_team, away_team)
VALUES(1, 0, "Chicago", "2020-04-17", "Falcons", "Jaguars");

INSERT INTO Scores
  (date, h1_score, v1_score, h2_score, v2_score, h3_score, v3_score, h4_score, v4_score, h5_score, v5_score, h6_score, v6_score)
VALUES("2020-04-17", 2, 0, 0, 1, 2, 1, 0, 0, 0, 0, 1, 1);



INSERT INTO Games
  (completed, in_progress, location, date, home_team, away_team)
VALUES(1, 0, "Exton", "2020-04-21", "Jaguars", "Falcons");

INSERT INTO Scores
  (date, h1_score, v1_score, h2_score, v2_score, h3_score, v3_score, h4_score, v4_score, h5_score, v5_score, h6_score, v6_score)
VALUES("2020-04-21", 0, 0, 0, 3, 3, 6, 0, 0, 0, 0, 1, 1);



INSERT INTO Games
  (completed, in_progress, location, date, home_team, away_team)
VALUES(1, 0, "Exton", "2020-04-23", "Jaguars", "Crocs");

INSERT INTO Scores
  (date, h1_score, v1_score, h2_score, v2_score, h3_score, v3_score, h4_score, v4_score, h5_score, v5_score, h6_score, v6_score)
VALUES("2020-04-23", 1, 1, 0, 0, 1, 0, 0, 0, 0, 0, 2, 1);



INSERT INTO Games
  (completed, in_progress, location, date, home_team, away_team)
VALUES(1, 0, "Pittsburgh", "2020-04-29", "Pirates", "Jaguars");

INSERT INTO Scores
  (date, h1_score, v1_score, h2_score, v2_score, h3_score, v3_score, h4_score, v4_score, h5_score, v5_score, h6_score, v6_score)
VALUES("2020-04-29", 0, 0, 0, 1, 0, 1, 0, 0, 0, 0, 1, 1);



INSERT INTO Games
  (completed, in_progress, location, date, home_team, away_team)
VALUES(1, 0, "Exton", "2020-05-01", "Crocs", "Jaguars");

INSERT INTO Scores
  (date, h1_score, v1_score, h2_score, v2_score, h3_score, v3_score, h4_score, v4_score, h5_score, v5_score, h6_score, v6_score)
VALUES("2020-05-01", 2, 1, 2, 0, 1, 1, 0, 1, 0, 0, 2, 1);



INSERT INTO Games
  (completed, in_progress, location, date, home_team, away_team)
VALUES(1, 0, "Exton", "2020-05-04", "Jaguars", "Pirates");

INSERT INTO Scores
  (date, h1_score, v1_score, h2_score, v2_score, h3_score, v3_score, h4_score, v4_score, h5_score, v5_score, h6_score, v6_score)
VALUES("2020-05-04", 1, 1, 0, 0, 2, 0, 0, 0, 0, 0, 1, 1);



INSERT INTO Games
  (completed, in_progress, location, date, home_team, away_team)
VALUES(1, 0, "Exton", "2020-05-07", "Jaguars", "Buzzards");

INSERT INTO Scores
  (date, h1_score, v1_score, h2_score, v2_score, h3_score, v3_score, h4_score, v4_score, h5_score, v5_score, h6_score, v6_score)
VALUES("2020-05-07", 0, 0, 0, 1, 2, 0, 0, 0, 0, 0, 1, 1);



INSERT INTO Games
  (completed, in_progress, location, date, home_team, away_team)
VALUES(1, 0, "Exton", "2020-05-12", "Jaguars", "Wildcats");

INSERT INTO Scores
  (date, h1_score, v1_score, h2_score, v2_score, h3_score, v3_score, h4_score, v4_score, h5_score, v5_score, h6_score, v6_score)
VALUES("2020-05-12", 2, 2, 3, 0, 2, 0, 2, 1, 1, 0, 1, 1);



INSERT INTO Games
  (completed, in_progress, location, date, home_team, away_team)
VALUES(1, 0, "Exton", "2020-05-13", "Knights", "Jaguars");

INSERT INTO Scores
  (date, h1_score, v1_score, h2_score, v2_score, h3_score, v3_score, h4_score, v4_score, h5_score, v5_score, h6_score, v6_score)
VALUES("2020-05-13", 0, 2, 0, 1, 1, 0, 0, 1, 1, 0, 1, 1);



INSERT INTO Games
  (completed, in_progress, location, date, home_team, away_team)
VALUES(1, 0, "Exton", "2020-05-18", "Jaguars", "Falcons");

INSERT INTO Scores
  (date, h1_score, v1_score, h2_score, v2_score, h3_score, v3_score, h4_score, v4_score, h5_score, v5_score, h6_score, v6_score)
VALUES("2020-05-18", 2, 3, 1, 1, 2, 0, 4, 0, 0, 0, 1, 1);



INSERT INTO Games
  (completed, in_progress, location, date, home_team, away_team)
VALUES(1, 0, "Exton", "2020-05-20", "Wildcats", "Jaguars");

INSERT INTO Scores
  (date, h1_score, v1_score, h2_score, v2_score, h3_score, v3_score, h4_score, v4_score, h5_score, v5_score, h6_score, v6_score)
VALUES("2020-05-20", 4, 2, 0, 1, 2, 0, 0, 1, 0, 0, 1, 1);



INSERT INTO Games
  (completed, in_progress, location, date, home_team, away_team)
VALUES(0, 1, "Exton", "2020-05-27", "Jaguars", "Falcons");

INSERT INTO Scores
  (date, h1_score, v1_score, h2_score, v2_score, h3_score, v3_score, h4_score, v4_score, h5_score, v5_score, h6_score, v6_score, h_overtime, v_overtime)
VALUES("2020-05-27", 1, 0, 0, 1, 1, 1, 0, 0, 0, 0, 1, 1, 1, 0);



INSERT INTO Games
  (completed, in_progress, location, date, home_team, away_team)
VALUES(0, 0, "Exton", "2020-05-29", "Buzzards", "Jaguars");

INSERT INTO Scores
  (date, h1_score, v1_score, h2_score, v2_score, h3_score, v3_score, h4_score, v4_score, h5_score, v5_score, h6_score, v6_score)
VALUES("2020-05-29", 0, 0, 0, 1, 2, 0, 0, 0, 0, 0, 1, 1);



INSERT INTO Games
  (completed, in_progress, location, date, home_team, away_team)
VALUES(0, 0, "Exton", "2020-06-02", "Jaguars", "Knights");

INSERT INTO Scores
  (date, h1_score, v1_score, h2_score, v2_score, h3_score, v3_score, h4_score, v4_score, h5_score, v5_score, h6_score, v6_score)
VALUES("2020-06-02", 0, 0, 0, 1, 2, 3, 2, 0, 0, 3, 1, 1);



INSERT INTO Comments
  (comment, date, team, name)
VALUES("You all played so well today!", "2020-06-02", "jaguars", "Heather@gmail.com");

INSERT INTO Comments
  (comment, date, team, name)
VALUES("Great Job Team!", "2020-06-02", "jaguars", "Heather@gmail.com");

INSERT INTO Comments
  (comment, date, team, name)
VALUES("I think we are gonna go all the way!", "2020-06-02", "jaguars", "Heather@gmail.com");

INSERT INTO Comments
  (comment, date, team, name)
VALUES("Atleast we look good!", "2020-06-02", "jaguars", "Heather@gmail.com");

INSERT INTO Comments
  (comment, date, team, name)
VALUES("Yankees Suck!", "2020-06-02", "jaguars", "Heather@gmail.com");